1,Dun Morogh
2,Longshore
3,Badlands
4,Blasted Lands
7,Blackwater Cove
8,Swamp of Sorrows
9,Northshire Valley
10,Duskwood
11,Wetlands
12,Elwynn Forest
13,The World Tree
14,Durotar
15,Dustwallow Marsh
16,Azshara
17,Northern Barrens
18,Crystal Lake
19,Zul'Gurub
20,Moonbrook
21,Kul Tiras
22,Programmer Isle
23,Northshire River
24,Northshire Abbey
25,Blackrock Mountain
26,Lighthouse
28,Western Plaguelands
30,Nine
32,The Cemetary
33,Northern Stranglethorn
34,Echo Ridge Mine
35,Booty Bay
36,Alterac Mountains
37,Lake Nazferiti
38,Loch Modan
40,Westfall
41,Deadwind Pass
42,Darkshire
43,Wild Shore
44,Redridge Mountains
45,Arathi Highlands
46,Burning Steppes
47,The Hinterlands
49,Dead Man's Hole
51,Searing Gorge
53,Thieves Camp
54,Jasperlode Mine
55,Valley of Heroes UNUSED
56,Heroes' Vigil
57,Fargodeep Mine
59,Northshire Vineyards
60,Forest's Edge
61,Thunder Falls
62,Brackwell Pumpkin Patch
63,The Stonefield Farm
64,The Maclure Vineyards
65,Dragonblight
66,Zul'Drak
67,The Storm Peaks
68,Lake Everstill
69,Lakeshire
70,Stonewatch
71,Stonewatch Falls
72,The Dark Portal
73,The Tainted Scar
74,Pool of Tears
75,Stonard
76,Fallow Sanctuary
77,Anvilmar
80,Stormwind Mountains
81,Jeff NE Quadrant Changed
82,Jeff NW Quadrant
83,Jeff SE Quadrant
84,Jeff SW Quadrant
85,Tirisfal Glades
86,Stone Cairn Lake
87,Goldshire
88,Eastvale Logging Camp
89,Mirror Lake Orchard
91,Tower of Azora
92,Mirror Lake
93,Vul'Gol Ogre Mound
94,Raven Hill
95,Redridge Canyons
96,Tower of Ilgalar
97,Alther's Mill
98,Rethban Caverns
99,Rebel Camp
100,Nesingwary's Expedition
101,Kurzen's Compound
102,Ruins of Zul'Kunda
103,Ruins of Zul'Mamwe
104,The Vile Reef
105,Mosh'Ogg Ogre Mound
106,The Stockpile
107,Saldean's Farm
108,Sentinel Hill
109,Furlbrow's Pumpkin Farm
111,Jangolode Mine
113,Gold Coast Quarry
115,Westfall Lighthouse
116,Misty Valley
117,Grom'gol Base Camp
118,Whelgar's Excavation Site
120,Westbrook Garrison
121,Tranquil Gardens Cemetery
122,Zuuldaia Ruins
123,Bal'lal Ruins
125,Kal'ai Ruins
126,Tkashi Ruins
127,Balia'mah Ruins
128,Ziata'jai Ruins
129,Mizjah Ruins
130,Silverpine Forest
131,Kharanos
132,Coldridge Valley
133,New Tinkertown
134,Gol'Bolar Quarry
135,Frostmane Hold
136,The Grizzled Den
137,Brewnall Village
138,Misty Pine Refuge
139,Eastern Plaguelands
141,Teldrassil
142,Ironband's Excavation Site
143,Mo'grosh Stronghold
144,Thelsamar
145,Algaz Gate
146,Stonewrought Dam
147,The Farstrider Lodge
148,Darkshore
149,Silver Stream Mine
150,Menethil Harbor
151,Designer Island
152,The Bulwark
153,Ruins of Lordaeron
154,Deathknell
155,Night Web's Hollow
156,Solliden Farmstead
157,Agamand Mills
158,Agamand Family Crypt
159,Brill
160,Whispering Gardens
161,Terrace of Repose
162,Brightwater Lake
163,Gunther's Retreat
164,Garren's Haunt
165,Balnir Farmstead
166,Cold Hearth Manor
167,Crusader Outpost
168,The North Coast
169,Whispering Shore
170,Lordamere Lake
172,Fenris Isle
173,Faol's Rest
186,Dolanaar
187,Darnassus UNUSED
188,Shadowglen
189,Steelgrill's Depot
190,Hearthglen
192,Northridge Lumber Camp
193,Andorhal
195,School of Necromancy
196,Uther's Tomb
197,Sorrow Hill
198,The Weeping Cave
199,Felstone Field
200,Dalson's Farm
201,Gahrron's Withering
202,The Writhing Haunt
203,Mardenholde Keep
204,Pyrewood Village
205,Dun Modr
206,Utgarde Keep
207,The Great Sea
208,Unused Ironcladcove
209,Shadowfang Keep
210,Icecrown
211,Iceflow Lake
212,Helm's Bed Lake
213,Deep Elem Mine
214,The Great Sea
215,Mulgore
219,Alexston Farmstead
220,Red Cloud Mesa
221,Camp Narache
222,Bloodhoof Village
223,Stonebull Lake
224,Ravaged Caravan
225,Red Rocks
226,The Skittering Dark
227,Valgan's Field
228,The Sepulcher
229,Olsen's Farthing
230,The Greymane Wall
231,Beren's Peril
232,The Dawning Isles
233,Ambermill
235,Fenris Keep
236,Shadowfang Keep
237,The Decrepit Fields
238,Malden's Orchard
239,The Ivar Patch
240,The Dead Field
241,The Rotting Orchard
242,Brightwood Grove
243,Forlorn Rowe
244,The Whipple Estate
245,The Yorgen Farmstead
246,The Cauldron
247,Grimesilt Dig Site
249,Dreadmaul Rock
250,Ruins of Thaurissan
251,Flame Crest
252,Blackrock Stronghold
253,The Pillar of Ash
254,Blackrock Mountain
255,Altar of Storms
256,Aldrassil
257,Shadowthread Cave
258,Fel Rock
259,Lake Al'Ameth
260,Starbreeze Village
261,Gnarlpine Hold
262,Ban'ethil Barrow Den
263,The Cleft
264,The Oracle Glade
265,Wellspring River
266,Wellspring Lake
267,Hillsbrad Foothills
268,Azshara Crater
269,Dun Algaz
271,Ruins of Southshore
272,Tarren Mill
275,Durnholde Keep
276,UNUSED Stonewrought Pass
277,The Foothill Caverns
278,Brazie Farmstead
279,Dalaran Crater
280,Strahnbrad
281,Ruins of Alterac
282,Crushridge Hold
283,Slaughter Hollow
284,The Uplands
285,Southpoint Gate
286,The Sludge Fields
287,Hillsbrad
288,Azurelode Mine
289,Nethander Stead
290,Dun Garok
293,Thoradin's Wall
294,Eastern Strand
295,Western Strand
296,South Seas UNUSED
297,Jaguero Isle
298,Baradin Bay
299,Menethil Bay
300,Misty Reed Strand
301,The Savage Coast
302,The Crystal Shore
303,Shell Beach
305,North Tide's Run
306,South Tide's Run
307,The Overlook Cliffs
308,The Forbidding Sea
309,Ironbeard's Tomb
310,Crystalvein Mine
311,Ruins of Aboraz
312,Janeiro's Point
313,Northfold Manor
314,Go'Shek Farm
315,Dabyrie's Farmstead
316,Boulderfist Hall
317,Witherbark Village
318,Drywhisker Gorge
320,Refuge Pointe
321,Hammerfall
322,Blackwater Shipwrecks
323,O'Breen's Camp
324,Stromgarde Keep
325,The Tower of Arathor
326,The Sanctum
327,Faldir's Cove
328,The Drowned Reef
330,Thandol Span
331,Ashenvale
332,The Great Sea
333,Circle of East Binding
334,Circle of West Binding
335,Circle of Inner Binding
336,Circle of Outer Binding
337,Apocryphan's Rest
338,Angor Fortress
339,Lethlor Ravine
340,Ruins of Kargath
341,Camp Kosh
342,Camp Boff
343,Camp Wurg
344,Camp Cagg
345,Agmond's End
346,Hammertoe's Digsite
347,Dustbelch Grotto
348,Aerie Peak
349,Wildhammer Keep
350,Quel'Danil Lodge
351,Skulk Rock
352,Zun'watha
353,Shadra'Alor
354,Jintha'Alor
355,The Altar of Zul
356,Seradane
357,Feralas
358,Brambleblade Ravine
359,Bael Modan [UNUSED]
360,The Venture Co. Mine
361,Felwood
362,Razor Hill
363,Valley of Trials
364,The Den
365,Burning Blade Coven
366,Northwatch Foothold
367,Sen'jin Village
368,Echo Isles
369,Thunder Ridge
370,Drygulch Ravine
371,Dustwind Cave
372,Tiragarde Keep
373,Scuttle Coast
374,Bladefist Bay
375,Deadeye Shore
377,Southfury River
378,Camp Taurajo [UNUSED]
379,Far Watch Post
380,The Crossroads
381,Boulder Lode Mine
382,The Sludge Fen
383,The Dry Hills
384,Dreadmist Peak
385,Northwatch Hold [UNUSED]
386,The Forgotten Pools
387,Lushwater Oasis
388,The Stagnant Oasis
390,Field of Giants [UNUSED]
391,The Merchant Coast
392,Ratchet
393,Darkspear Strand
394,Grizzly Hills
395,Grizzlemaw
396,Winterhoof Water Well
397,Thunderhorn Water Well
398,Wildmane Water Well
399,Skyline Ridge
400,Thousand Needles
401,The Tidus Stair
403,Shady Rest Inn
404,Bael'dun Digsite
405,Desolace
406,Stonetalon Mountains
407,Orgrimmar UNUSED
408,Gillijim's Isle
409,Island of Doctor Lapidis
410,Razorwind Canyon
411,Bathran's Haunt
412,The Ruins of Ordil'Aran
413,Maestra's Post
414,The Zoram Strand
415,Astranaar
416,The Shrine of Aessina
417,Fire Scar Shrine
418,The Ruins of Stardust
419,The Howling Vale
420,Silverwind Refuge
421,Mystral Lake
422,Fallen Sky Lake
424,Remains of Iris Lake
425,Moonwell of Purity
426,Raynewood Retreat
427,The Shady Nook
428,Night Run
429,Xavian
430,Satyrnaar
431,Splintertree Post
432,The Dor'Danil Barrow Den
433,Falfarren River
434,Felfire Hill
435,Demon Fall Canyon
436,Demon Fall Ridge
437,Warsong Lumber Camp
438,Bough Shadow
439,The Shimmering Flats
440,Tanaris
441,Lake Falathim
442,Ruins of Auberdine
443,Ruins of Mathystra
444,Tower of Althalaxx
445,Cliffspring Falls
446,Bashal'Aran
447,Ameth'Aran
448,Grove of the Ancients
449,The Master's Glaive
450,Remtravel's Excavation
452,Mist's Edge
453,The Long Wash
454,Wildbend River
455,Blackwood Den
456,Cliffspring River
457,The Veiled Sea
458,Gold Road
459,Scarlet Watch Post
460,Sun Rock Retreat
461,Windshear Crag
463,Cragpool Lake
464,Mirkfallon Lake
465,The Charred Vale
466,Valley of the Bloodfuries
467,Stonetalon Peak
468,The Talon Den
469,Greatwood Vale
470,Thunder Bluff UNUSED
471,Brave Wind Mesa
472,Fire Stone Mesa
473,Mantle Rock
474,Hunter Rise UNUSED
475,Spirit RiseUNUSED
476,Elder RiseUNUSED
477,Ruins of Jubuwal
478,Pools of Arlithrien
479,The Rustmaul Dig Site
480,Camp E'thok
481,Splithoof Crag
482,Highperch
483,The Screeching Canyon
484,Freewind Post
485,The Great Lift
486,Galak Hold
487,Roguefeather Den
488,The Weathered Nook
489,Thalanaar
490,Un'Goro Crater
491,Razorfen Kraul
492,Raven Hill Cemetery
493,Moonglade
495,Howling Fjord
496,Brackenwall Village
497,Swamplight Manor
498,Bloodfen Burrow
499,Darkmist Cavern
500,Moggle Point
501,Beezil's Wreck
502,Witch Hill
503,Sentry Point
504,North Point Tower
505,West Point Tower
506,Lost Point
507,Bluefen
508,Stonemaul Ruins
509,The Den of Flame
510,The Dragonmurk
511,Wyrmbog
512,Blackhoof Village
513,Theramore Isle
514,Foothold Citadel
515,Ironclad Prison
516,Dustwallow Bay
517,Tidefury Cove
518,Dreadmurk Shore
536,Addle's Stead
537,Fire Plume Ridge
538,Lakkari Tar Pits
539,Terror Run
540,The Slithering Scar
541,Marshal's Refuge
542,Fungal Rock
543,Golakka Hot Springs
556,The Loch
576,Beggar's Haunt
596,Kodo Graveyard
597,Ghost Walker Post
598,Sar'theris Strand
599,Thunder Axe Fortress
600,Bolgan's Hole
602,Mannoroc Coven
603,Sargeron
604,Shok'Thokar
606,Gelkis Village
607,Valley of Spears
608,Nijel's Point
609,Kolkar Village
616,Mount Hyjal
618,Winterspring
636,Blackwolf River
637,Kodo Rock
638,Hidden Path
639,Spirit Rock
640,Shrine of the Dormant Flame
656,Lake Elune'ara
657,The Harborage
676,Outland
696,Craftsmen's Terrace UNUSED
697,Tradesmen's Terrace UNUSED
698,The Temple Gardens UNUSED
699,Temple of Elune UNUSED
700,Cenarion Enclave UNUSED
701,Warrior's Terrace UNUSED
702,Rut'theran Village
716,Ironband's Compound
717,The Stockade
718,Wailing Caverns
719,Blackfathom Deeps
720,Fray Island
721,Gnomeregan
722,Razorfen Downs
736,Ban'ethil Hollow
796,Scarlet Monastery
797,Jerod's Landing
798,Ridgepoint Tower
799,The Darkened Bank
800,Coldridge Pass
801,Chill Breeze Valley
802,Shimmer Ridge
803,Amberstill Ranch
804,The Tundrid Hills
805,South Gate Pass
806,South Gate Outpost
807,North Gate Pass
808,North Gate Outpost
809,Gates of Ironforge
810,Stillwater Pond
811,Nightmare Vale
812,Venomweb Vale
813,The Bulwark
814,Southfury River
815,Southfury River
816,Razormane Grounds
817,Skull Rock
818,Palemane Rock
819,Windfury Ridge
820,The Golden Plains
821,The Rolling Plains
836,Dun Algaz
837,Dun Algaz
838,North Gate Pass
839,South Gate Pass
856,Twilight Grove
876,GM Island
877,Delete ME
878,Southfury River
879,Southfury River
880,Thandol Span
881,Thandol Span
896,Purgation Isle
916,The Jansen Stead
917,The Dead Acre
918,The Molsen Farm
919,Stendel's Pond
920,The Dagger Hills
921,Demont's Place
922,The Dust Plains
923,Stonesplinter Valley
924,Valley of Kings
925,Algaz Station
926,Bucklebree Farm
927,The Shining Strand
928,North Tide's Beachhead
936,Grizzlepaw Ridge
956,The Verdant Fields
976,Gadgetzan
977,Steamwheedle Port
978,Zul'Farrak
979,Sandsorrow Watch
980,Thistleshrub Valley
981,The Gaping Chasm
982,The Noxious Lair
983,Dunemaul Compound
984,Eastmoon Ruins
985,Waterspring Field
986,Zalashji's Den
987,Land's End Beach
988,Wavestrider Beach
989,Ruins of Uldum
990,Valley of the Watchers
991,Gunstan's Post
992,Southmoon Ruins
996,Render's Camp
997,Render's Valley
998,Render's Rock
999,Stonewatch Tower
1000,Galardell Valley
1001,Lakeridge Highway
1002,Three Corners
1016,Direforge Hill
1017,Raptor Ridge
1018,Black Channel Marsh
1019,The Green Belt
1020,Mosshide Fen
1021,Thelgen Rock
1022,Bluegill Marsh
1023,Saltspray Glen
1024,Sundown Marsh
1025,The Green Belt
1036,Angerfang Encampment
1037,Grim Batol
1038,Dragonmaw Gates
1039,The Lost Fleet
1056,Darrow Hill
1057,Thoradin's Wall
1076,Webwinder Path
1097,The Hushed Bank
1098,Manor Mistmantle
1099,Camp Mojache
1100,Grimtotem Compound
1101,The Writhing Deep
1102,Wildwind Lake
1103,Gordunni Outpost
1104,Mok'Gordun
1105,Feral Scar Vale
1106,Frayfeather Highlands
1107,Idlewind Lake
1108,The Forgotten Coast
1109,East Pillar
1110,West Pillar
1111,Dream Bough
1112,Jademir Lake
1113,Oneiros
1114,Ruins of Ravenwind
1115,Rage Scar Hold
1116,Ruins of Feathermoon
1117,Ruins of Solarsal
1118,Lower Wilds UNUSED
1119,The Twin Colossals
1120,Sardor Isle
1121,Isle of Dread
1136,High Wilderness
1137,Lower Wilds
1156,Southern Barrens [UNUSED]
1157,Southern Gold Road
1176,Zul'Farrak
1196,Utgarde Pinnacle
1216,Blackmaw Hold
1217,Vanndir Encampment
1218,TESTAzshara
1219,Legash Encampment
1220,Darnassian Base Camp
1221,Ruins of Eldarath 
1222,Hetaera's Clutch
1223,Temple of Zin-Malor
1224,Bear's Head
1225,Ursolan
1226,Ruins of Arkkoran
1227,Bay of Storms
1228,The Shattered Strand
1229,Tower of Eldara
1230,Jagged Reef
1231,Southridge Beach
1232,Ravencrest Monument
1233,Forlorn Ridge
1234,Lake Mennar
1235,Shadowsong Shrine
1236,Haldarr Encampment
1237,Valormok
1256,The Ruined Reaches
1276,Talondeep Vale
1277,The Talondeep Path
1296,Rocktusk Farm
1297,Jaggedswine Farm
1316,Razorfen Downs [UNUSED]
1336,Lost Rigger Cove
1337,Uldaman
1338,Lordamere Lake
1339,Lordamere Lake
1357,Gallows' Corner
1377,Silithus
1397,Emerald Forest
1417,Sunken Temple
1437,Dreadmaul Hold
1438,Nethergarde Keep
1439,Dreadmaul Post
1440,Serpent's Coil
1441,Altar of Storms
1442,Firewatch Ridge
1443,The Slag Pit
1444,The Sea of Cinders
1445,Blackrock Mountain
1446,Thorium Point
1457,Nethergarde Mines
1477,The Temple of Atal'Hakkar
1497,Undercity
1517,Uldaman
1518,Not Used Deadmines
1519,Stormwind City
1537,Ironforge
1557,Splithoof Hold
1577,Cape of Stranglethorn
1578,Southern Savage Coast
1579,Unused The Deadmines 002
1580,Unused Ironclad Cove 003
1581,The Deadmines
1582,Ironclad Cove
1583,Blackrock Spire
1584,Blackrock Depths
1597,Raptor Grounds UNUSED
1598,Grol'dom Farm UNUSED
1599,Mor'shan Base Camp
1600,Honor's Stand UNUSED
1601,Blackthorn Ridge UNUSED
1602,Bramblescar UNUSED
1603,Agama'gor UNUSED
1617,Valley of Heroes
1637,Orgrimmar
1638,Thunder Bluff
1639,Elder Rise
1640,Spirit Rise
1641,Hunter Rise
1657,Darnassus
1658,Cenarion Enclave
1659,Craftsmen's Terrace
1660,Warrior's Terrace
1661,The Temple Gardens
1662,Tradesmen's Terrace
1677,Gavin's Naze
1678,Sofera's Naze
1679,Corrahn's Dagger
1680,The Headland
1681,Misty Shore
1682,Dandred's Fold
1683,Growless Cave
1684,Chillwind Point
1697,Raptor Grounds [UNUSED]
1698,Bramblescar
1699,Thorn Hill
1700,Agama'gor [UNUSED]
1701,Blackthorn Ridge [UNUSED]
1702,Honor's Stand
1703,The Mor'shan Rampart
1704,Grol'dom Farm
1717,Razorfen Kraul
1718,The Great Lift [UNUSED]
1737,Mistvale Valley
1738,Nek'mani Wellspring
1739,Hardwrench Hideaway
1740,Venture Co. Base Camp
1741,Gurubashi Arena
1742,Spirit Den
1757,The Crimson Veil
1758,The Riptide
1759,The Damsel's Luck
1760,Venture Co. Operations Center
1761,Deadwood Village
1762,Felpaw Village
1763,Jaedenar
1764,Bloodvenom River
1765,Bloodvenom Falls
1766,Shatter Scar Vale
1767,Irontree Woods
1768,Irontree Cavern
1769,Timbermaw Hold
1770,Shadow Hold
1771,Shrine of the Deceiver
1777,Purespring Cavern
1778,Sorrowmurk
1779,Draenil'dur Village
1780,Splinterspear Junction
1797,Stagalbog
1798,The Shifting Mire
1817,Stagalbog Cave
1837,Witherbark Caverns
1857,Thoradin's Wall
1858,Boulder'gor
1877,Valley of Fangs
1878,The Dustbowl
1879,Mirage Flats
1880,Featherbeard's Hovel
1881,Shindigger's Camp
1882,Plaguemist Ravine
1883,Valorwind Lake
1884,Agol'watha
1885,Hiri'watha Research Station
1886,The Creeping Ruin
1887,Bogen's Ledge
1897,The Maker's Terrace
1898,Dustwind Gulch
1917,Shaol'watha
1937,Noonshade Ruins
1938,Broken Pillar
1939,Abyssal Sands
1940,Southbreak Shore
1941,Caverns of Time
1942,The Marshlands
1943,Ironstone Plateau
1957,Blackchar Cave
1958,Tanner Camp
1959,Dustfire Valley
1977,Zul'Gurub
1978,Misty Reed Post
1997,Bloodvenom Post 
1998,Talonbranch Glade 
2017,Stratholme
2037,Quel'thalas
2057,Scholomance
2077,Twilight Vale
2078,Twilight Shore
2079,Alcaz Island
2097,Darkcloud Pinnacle
2098,Dawning Wood Catacombs
2099,Stonewatch Keep
2100,Maraudon
2101,Stoutlager Inn
2102,Thunderbrew Distillery
2103,Menethil Keep
2104,Deepwater Tavern
2117,Shadow Grave
2118,Brill Town Hall
2119,Gallows' End Tavern
2137,The Pools of VisionUNUSED
2138,Dreadmist Den
2157,Bael'dun Keep [UNUSED]
2158,Emberstrife's Den
2159,Onyxia's Lair
2160,Windshear Mine
2161,Roland's Doom
2177,Battle Ring
2197,The Pools of Vision
2198,Shadowbreak Ravine
2217,Broken Spear Village
2237,Whitereach Post
2238,Gornia
2239,Zane's Eye Crater
2240,Mirage Raceway
2241,Frostsaber Rock
2242,The Hidden Grove
2243,Timbermaw Post
2244,Winterfall Village
2245,Mazthoril
2246,Frostfire Hot Springs
2247,Ice Thistle Hills
2248,Dun Mandarr
2249,Frostwhisper Gorge
2250,Owl Wing Thicket
2251,Lake Kel'Theril
2252,The Ruins of Kel'Theril
2253,Starfall Village
2254,Ban'Thallow Barrow Den
2255,Everlook
2256,Darkwhisper Gorge
2257,Deeprun Tram
2258,The Fungal Vale
2259,UNUSEDThe Marris Stead
2260,The Marris Stead
2261,The Undercroft
2262,Darrowshire
2263,Crown Guard Tower
2264,Corin's Crossing
2265,Death Cultist Base Camp
2266,Tyr's Hand
2267,The Scarlet Basilica
2268,Light's Hope Chapel
2269,Browman Mill
2270,The Noxious Glade
2271,Eastwall Tower
2272,Northdale
2273,Zul'Mashar
2274,Mazra'Alor
2275,Northpass Tower
2276,Quel'Lithien Lodge
2277,Plaguewood
2278,Scourgehold
2279,Stratholme
2280,DO NOT USE
2297,Darrowmere Lake
2298,Caer Darrow
2299,Darrowmere Lake
2300,Caverns of Time
2301,Thistlefur Village
2302,The Quagmire
2303,Windbreak Canyon
2317,South Seas
2318,The Great Sea
2319,The Great Sea
2320,The Great Sea
2321,The Great Sea
2322,The Veiled Sea
2323,The Veiled Sea
2324,The Veiled Sea
2325,The Veiled Sea
2326,The Veiled Sea
2337,Razor Hill Barracks
2338,South Seas
2339,The Great Sea
2357,Bloodtooth Camp
2358,Forest Song
2359,Greenpaw Village
2360,Silverwing Outpost
2361,Nighthaven
2362,Shrine of Remulos
2363,Stormrage Barrow Dens
2364,The Great Sea
2365,The Great Sea
2366,The Black Morass
2367,Old Hillsbrad Foothills
2368,Tarren Mill
2369,Southshore
2370,Durnholde Keep
2371,Dun Garok
2372,Hillsbrad Fields
2373,Eastern Strand
2374,Nethander Stead
2375,Darrow Hill
2376,Southpoint Tower
2377,Thoradin's Wall
2378,Western Strand
2379,Azurelode Mine
2397,The Great Sea
2398,The Great Sea
2399,The Great Sea
2400,The Forbidding Sea
2401,The Forbidding Sea
2402,The Forbidding Sea
2403,The Forbidding Sea
2404,Tethris Aran
2405,Ethel Rethor
2406,Ranazjar Isle
2407,Kormek's Hut
2408,Shadowprey Village
2417,Blackrock Pass
2418,Morgan's Vigil
2419,Slither Rock
2420,Terror Wing Path
2421,Draco'dar
2437,Ragefire Chasm
2457,Nightsong Woods
2477,The Veiled Sea
2478,Morlos'Aran
2479,Emerald Sanctuary
2480,Jadefire Glen
2481,Ruins of Constellas
2497,Bitter Reaches
2517,Rise of the Defiler
2518,Lariss Pavilion
2519,Woodpaw Hills
2520,Woodpaw Den
2521,Verdantis River
2522,Ruins of Isildien
2537,Grimtotem Post
2538,Camp Aparaje
2539,Malaka'jin
2540,Boulderslide Ravine
2541,Sishir Canyon
2557,Dire Maul
2558,Deadwind Ravine
2559,Diamondhead River
2560,Ariden's Camp
2561,The Vice
2562,Karazhan
2563,Morgan's Plot
2577,Dire Maul
2597,Alterac Valley
2617,Scrabblescrew's Camp
2618,Jadefire Run
2619,Thondroril River
2620,Thondroril River
2621,Lake Mereldar
2622,Pestilent Scar
2623,The Infectis Scar
2624,Blackwood Lake
2625,Eastwall Gate
2626,Terrorweb Tunnel
2627,Terrordale
2637,Kargathia Keep
2657,Valley of Bones
2677,Blackwing Lair
2697,Deadman's Crossing
2717,Molten Core
2737,The Scarab Wall
2738,Southwind Village
2739,Twilight Base Camp
2740,The Crystal Vale
2741,The Scarab Dais
2742,Hive'Ashi
2743,Hive'Zora
2744,Hive'Regal
2757,Shrine of the Fallen Warrior
2777,UNUSED Alterac Valley
2797,Blackfathom Deeps
2817,Crystalsong Forest
2837,The Master's Cellar
2838,Stonewrought Pass
2839,Alterac Valley
2857,The Rumble Cage
2877,Chunk Test
2897,Zoram'gar Outpost
2917,Hall of Legends
2918,Champions' Hall
2937,Grosh'gok Compound
2938,Sleeping Gorge
2957,Irondeep Mine
2958,Stonehearth Outpost
2959,Dun Baldar
2960,Icewing Pass
2961,Frostwolf Village
2962,Tower Point
2963,Coldtooth Mine
2964,Winterax Hold
2977,Iceblood Garrison
2978,Frostwolf Keep
2979,Tor'kren Farm
3017,Frost Dagger Pass
3037,Ironstone Camp
3038,Weazel's Crater
3039,Tahonda Ruins
3057,Field of Strife
3058,Icewing Cavern
3077,Valor's Rest
3097,The Swarming Pillar
3098,Twilight Post
3099,Twilight Outpost
3100,Ravaged Twilight Camp
3117,Shalzaru's Lair
3137,Talrendis Point
3138,Rethress Sanctum
3139,Moon Horror Den
3140,Scalebeard's Cave
3157,Boulderslide Cavern
3177,Warsong Labor Camp
3197,Chillwind Camp
3217,The Maul
3237,The Maul UNUSED
3257,Bones of Grakkarond
3277,Warsong Gulch
3297,Frostwolf Graveyard
3298,Frostwolf Pass
3299,Dun Baldar Pass
3300,Iceblood Graveyard
3301,Snowfall Graveyard
3302,Stonehearth Graveyard
3303,Stormpike Graveyard
3304,Icewing Bunker
3305,Stonehearth Bunker
3306,Wildpaw Ridge
3317,Revantusk Village
3318,Rock of Durotan
3319,Silverwing Grove
3320,Warsong Lumber Mill
3321,Silverwing Hold
3337,Wildpaw Cavern
3338,The Veiled Cleft
3357,Yojamba Isle
3358,Arathi Basin
3377,The Coil
3378,Mandokir's Domain
3380,Altar of the Blood God
3382,Temple of Bethekk
3384,The Devil's Terrace
3398,The Cache of Madness
3417,Trollbane Hall
3418,Defiler's Den
3420,Farm
3421,Blacksmith
3422,Lumber Mill
3423,Gold Mine
3424,Stables
3425,Cenarion Hold
3426,Staghelm Point
3427,Bronzebeard Encampment
3428,Ahn'Qiraj
3429,Ruins of Ahn'Qiraj
3430,Eversong Woods
3431,Sunstrider Isle
3432,Shrine of Dath'Remar
3433,Ghostlands
3434,Scarab Terrace
3435,General's Terrace
3436,The Reservoir
3437,The Hatchery
3438,The Comb
3439,Watchers' Terrace
3440,Scarab Terrace
3441,General's Terrace
3442,The Reservoir
3443,The Hatchery
3444,The Comb
3445,Watchers' Terrace
3446,Twilight's Run
3447,Ortell's Hideout
3448,Scarab Terrace
3449,General's Terrace
3450,The Reservoir
3451,The Hatchery
3452,The Comb
3453,Watchers' Terrace
3454,Ruins of Ahn'Qiraj
3455,The North Sea
3456,Naxxramas
3457,Karazhan
3459,City
3460,Golden Strand
3461,Sunsail Anchorage
3462,Fairbreeze Village
3463,Magisters Gate
3464,Farstrider Retreat
3465,North Sanctum
3466,West Sanctum
3467,East Sanctum
3468,Saltheril's Haven
3469,Thuron's Livery
3470,Stillwhisper Pond
3471,The Living Wood
3472,Azurebreeze Coast
3473,Lake Elrendar
3474,The Scorched Grove
3475,Zeb'Watha
3476,Tor'Watha
3477,Azjol-Nerub
3478,Gates of Ahn'Qiraj
3479,The Veiled Sea
3480,Duskwither Grounds
3481,Duskwither Spire
3482,The Dead Scar
3483,Hellfire Peninsula
3484,The Sunspire
3485,Falthrien Academy
3486,Ravenholdt Manor
3487,Silvermoon City
3488,Tranquillien
3489,Suncrown Village
3490,Goldenmist Village
3491,Windrunner Village
3492,Windrunner Spire
3493,Sanctum of the Sun
3494,Sanctum of the Moon
3495,Dawnstar Spire
3496,Farstrider Enclave
3497,An'daroth
3498,An'telas
3499,An'owyn
3500,Deatholme
3501,Bleeding Ziggurat
3502,Howling Ziggurat
3503,Shalandis Isle
3504,Toryl Estate
3505,Underlight Mines
3506,Andilien Estate
3507,Hatchet Hills
3508,Amani Pass
3509,Sungraze Peak
3510,Amani Catacombs
3511,Tower of the Damned
3512,Zeb'Sora
3513,Lake Elrendar
3514,The Dead Scar
3515,Elrendar River
3516,Zeb'Tela
3517,Zeb'Nowa
3518,Nagrand
3519,Terokkar Forest
3520,Shadowmoon Valley
3521,Zangarmarsh
3522,Blade's Edge Mountains
3523,Netherstorm
3524,Azuremyst Isle
3525,Bloodmyst Isle
3526,Ammen Vale
3527,Crash Site
3528,Silverline Lake
3529,Nestlewood Thicket
3530,Shadow Ridge
3531,Skulking Row
3532,Dawning Lane
3533,Ruins of Silvermoon
3534,Feth's Way
3536,Thrallmar
3537,Borean Tundra
3538,Honor Hold
3539,The Stair of Destiny
3540,Twisting Nether
3541,Forge Camp: Mageddon
3542,The Path of Glory
3543,The Great Fissure
3544,Plain of Shards
3545,Hellfire Citadel
3546,Expedition Armory
3547,Throne of Kil'jaeden
3548,Forge Camp: Rage
3549,Invasion Point: Annihilator
3550,Borune Ruins
3551,Ruins of Sha'naar
3552,Temple of Telhamat
3553,Pools of Aggonar
3554,Falcon Watch
3555,Mag'har Post
3556,Den of Haal'esh
3557,The Exodar
3558,Elrendar Falls
3559,Nestlewood Hills
3560,Ammen Fields
3561,The Sacred Grove
3562,Hellfire Ramparts
3563,Hellfire Citadel
3564,Emberglade
3565,Cenarion Refuge
3566,Moonwing Den
3567,Pod Cluster
3568,Pod Wreckage
3569,Tides' Hollow
3570,Wrathscale Point
3571,Bristlelimb Village
3572,Stillpine Hold
3573,Odesyus' Landing
3574,Valaar's Berth
3575,Silting Shore
3576,Azure Watch
3577,Geezle's Camp
3578,Menagerie Wreckage
3579,Traitor's Cove
3580,Wildwind Peak
3581,Wildwind Path
3582,Zeth'Gor
3583,Beryl Coast
3584,Blood Watch
3585,Bladewood
3586,The Vector Coil
3587,The Warp Piston
3588,The Cryo-Core
3589,The Crimson Reach
3590,Wrathscale Lair
3591,Ruins of Loreth'Aran
3592,Nazzivian
3593,Axxarien
3594,Blacksilt Shore
3595,The Foul Pool
3596,The Hidden Reef
3597,Amberweb Pass
3598,Wyrmscar Island
3599,Talon Stand
3600,Bristlelimb Enclave
3601,Ragefeather Ridge
3602,Kessel's Crossing
3603,Tel'athion's Camp
3604,The Bloodcursed Reef
3605,Hyjal Past
3606,Hyjal Summit
3607,Serpentshrine Cavern
3608,Vindicator's Rest
3609,Unused3
3610,Burning Blade Ruins
3611,Clan Watch
3612,Bloodcurse Isle
3613,Garadar
3614,Skysong Lake
3615,Throne of the Elements
3616,Laughing Skull Ruins
3617,Warmaul Hill
3618,Gruul's Lair
3619,Auren Ridge
3620,Auren Falls
3621,Lake Sunspring
3622,Sunspring Post
3623,Aeris Landing
3624,Forge Camp: Fear
3625,Forge Camp: Hate
3626,Telaar
3627,Northwind Cleft
3628,Halaa
3629,Southwind Cleft
3630,Oshu'gun
3631,Spirit Fields
3632,Shamanar
3633,Ancestral Grounds
3634,Windyreed Village
3635,Unused2
3636,Elemental Plateau
3637,Kil'sorrow Fortress
3638,The Ring of Trials
3639,Silvermyst Isle
3640,Daggerfen Village
3641,Umbrafen Village
3642,Feralfen Village
3643,Bloodscale Enclave
3644,Telredor
3645,Zabra'jin
3646,Quagg Ridge
3647,The Spawning Glen
3648,The Dead Mire
3649,Sporeggar
3650,Ango'rosh Grounds
3651,Ango'rosh Stronghold
3652,Funggor Cavern
3653,Serpent Lake
3654,The Drain
3655,Umbrafen Lake
3656,Marshlight Lake
3657,Portal Clearing
3658,Sporewind Lake
3659,The Lagoon
3660,Blades' Run
3661,Blade Tooth Canyon
3662,Commons Hall
3663,Derelict Manor
3664,Huntress of the Sun
3665,Falconwing Square
3666,Halaani Basin
3667,Hewn Bog
3668,Boha'mu Ruins
3669,The Stadium
3670,The Overlook
3671,Broken Hill
3672,Mag'hari Procession
3673,Nesingwary Safari
3674,Cenarion Thicket
3675,Tuurem
3676,Veil Shienor
3677,Veil Skith
3678,Veil Shalas
3679,Skettis
3680,Blackwind Valley
3681,Firewing Point
3682,Grangol'var Village
3683,Stonebreaker Hold
3684,Allerian Stronghold
3685,Bonechewer Ruins
3686,Veil Lithic
3687,Olembas
3688,Auchindoun
3689,Veil Reskk
3690,Blackwind Lake
3691,Lake Ere'Noru
3692,Lake Jorune
3693,Skethyl Mountains
3694,Misty Ridge
3695,The Broken Hills
3696,The Barrier Hills
3697,The Bone Wastes
3698,Nagrand Arena
3699,Laughing Skull Courtyard
3700,The Ring of Blood
3701,Arena Floor
3702,Blade's Edge Arena
3703,Shattrath City
3704,The Shepherd's Gate
3705,Telaari Basin
3706,The Dark Portal
3707,Alliance Base
3708,Horde Encampment
3709,Night Elf Village
3710,Nordrassil
3711,Sholazar Basin
3712,Area 52
3713,The Blood Furnace
3714,The Shattered Halls
3715,The Steamvault
3716,The Underbog
3717,The Slave Pens
3718,Swamprat Post
3719,Bleeding Hollow Ruins
3720,Twin Spire Ruins
3721,The Crumbling Waste
3722,Manaforge Ara
3723,Arklon Ruins
3724,Cosmowrench
3725,Ruins of Enkaat
3726,Manaforge B'naar
3727,The Scrap Field
3728,The Vortex Fields
3729,The Heap
3730,Manaforge Coruu
3731,The Tempest Rift
3732,Kirin'Var Village
3733,The Violet Tower
3734,Manaforge Duro
3735,Voidwind Plateau
3736,Manaforge Ultris
3737,Celestial Ridge
3738,The Stormspire
3739,Forge Base: Oblivion
3740,Forge Base: Gehenna
3741,Ruins of Farahlon
3742,Socrethar's Seat
3743,Legion Hold
3744,Shadowmoon Village
3745,Wildhammer Stronghold
3746,The Hand of Gul'dan
3747,The Fel Pits
3748,The Deathforge
3749,Coilskar Cistern
3750,Coilskar Point
3751,Sunfire Point
3752,Illidari Point
3753,Ruins of Baa'ri
3754,Altar of Sha'tar
3755,The Stair of Doom
3756,Ruins of Karabor
3757,Ata'mal Terrace
3758,Netherwing Fields
3759,Netherwing Ledge
3760,The Barrier Hills
3761,The High Path
3762,Windyreed Pass
3763,Zangar Ridge
3764,The Twilight Ridge
3765,Razorthorn Trail
3766,Orebor Harborage
3767,Blades' Run
3768,Jagged Ridge
3769,Thunderlord Stronghold
3770,Blade Tooth Canyon
3771,The Living Grove
3772,Sylvanaar
3773,Bladespire Hold
3774,Gruul's Lair
3775,Circle of Blood
3776,Bloodmaul Outpost
3777,Bloodmaul Camp
3778,Draenethyst Mine
3779,Trogma's Claim
3780,Blackwing Coven
3781,Grishnath
3782,Veil Lashh
3783,Veil Vekh
3784,Forge Camp: Terror
3785,Forge Camp: Wrath
3786,Ogri'la
3787,Forge Camp: Anger
3788,The Low Path
3789,Shadow Labyrinth
3790,Auchenai Crypts
3791,Sethekk Halls
3792,Mana-Tombs
3793,Felspark Ravine
3794,Valley of Bones
3795,Sha'naari Wastes
3796,The Warp Fields
3797,Fallen Sky Ridge
3798,Haal'eshi Gorge
3799,Stonewall Canyon
3800,Thornfang Hill
3801,Mag'har Grounds
3802,Void Ridge
3803,The Abyssal Shelf
3804,The Legion Front
3805,Zul'Aman
3806,Supply Caravan
3807,Reaver's Fall
3808,Cenarion Post
3809,Southern Rampart
3810,Northern Rampart
3811,Gor'gaz Outpost
3812,Spinebreaker Post
3813,The Path of Anguish
3814,East Supply Caravan
3815,Expedition Point
3816,Zeppelin Crash
3817,Testing
3818,Bloodscale Grounds
3819,Darkcrest Enclave
3820,Eye of the Storm
3821,Warden's Cage
3822,Eclipse Point
3823,Isle of Tribulations
3824,Bloodmaul Ravine
3825,Dragons' End
3826,Daggermaw Canyon
3827,Vekhaar Stand
3828,Ruuan Weald
3829,Veil Ruuan
3830,Raven's Wood
3831,Death's Door
3832,Vortex Summit
3833,Razor Ridge
3834,Ridge of Madness
3835,Dustquill Ravine
3836,Magtheridon's Lair
3837,Sunfury Hold
3838,Spinebreaker Mountains
3839,Abandoned Armory
3840,The Black Temple
3841,Darkcrest Shore
3842,Tempest Keep
3844,Mok'Nathal Village
3845,Tempest Keep
3846,The Arcatraz
3847,The Botanica
3848,The Arcatraz
3849,The Mechanar
3850,Netherstone
3851,Midrealm Post
3852,Tuluman's Landing
3854,Protectorate Watch Post
3855,Circle of Blood Arena
3856,Elrendar Crossing
3857,Ammen Ford
3858,Razorthorn Shelf
3859,Silmyr Lake
3860,Raastok Glade
3861,Thalassian Pass
3862,Churning Gulch
3863,Broken Wilds
3864,Bash'ir Landing
3865,Crystal Spine
3866,Skald
3867,Bladed Gulch
3868,Gyro-Plank Bridge
3869,Mage Tower
3870,Blood Elf Tower
3871,Draenei Ruins
3872,Fel Reaver Ruins
3873,The Proving Grounds
3874,Eco-Dome Farfield
3875,Eco-Dome Skyperch
3876,Eco-Dome Sutheron
3877,Eco-Dome Midrealm
3878,Ethereum Staging Grounds
3879,Chapel Yard
3880,Access Shaft Zeon
3881,Trelleum Mine
3882,Invasion Point: Destroyer
3883,Camp of Boom
3884,Spinebreaker Pass
3885,Netherweb Ridge
3886,Derelict Caravan
3887,Refugee Caravan
3888,Shadow Tomb
3889,Veil Rhaze
3890,Tomb of Lights
3891,Carrion Hill
3892,Writhing Mound
3893,Ring of Observance
3894,Auchenai Grounds
3895,Cenarion Watchpost
3896,Aldor Rise
3897,Terrace of Light
3898,Scryer's Tier
3899,Lower City
3900,Invasion Point: Overlord
3901,Allerian Post
3902,Stonebreaker Camp
3903,Boulder'mok
3904,Cursed Hollow
3905,Coilfang Reservoir
3906,The Bloodwash
3907,Veridian Point
3908,Middenvale
3909,The Lost Fold
3910,Mystwood
3911,Tranquil Shore
3912,Goldenbough Pass
3913,Runestone Falithas
3914,Runestone Shan'dor
3915,Fairbridge Strand
3916,Moongraze Woods
3917,Auchindoun
3918,Toshley's Station
3919,Singing Ridge
3920,Shatter Point
3921,Arklonis Ridge
3922,Bladespire Outpost
3923,Gruul's Lair
3924,Northmaul Tower
3925,Southmaul Tower
3926,Shattered Plains
3927,Oronok's Farm
3928,The Altar of Damnation
3929,The Path of Conquest
3930,Eclipsion Fields
3931,Bladespire Grounds
3932,Sketh'lon Base Camp
3933,Sketh'lon Wreckage
3934,Town Square
3935,Wizard Row
3936,Deathforge Tower
3937,Slag Watch
3938,Sanctum of the Stars
3939,Dragonmaw Fortress
3940,The Fetid Pool
3941,Test
3942,Razaan's Landing
3943,Invasion Point: Cataclysm
3944,The Altar of Shadows
3945,Netherwing Pass
3946,Wayne's Refuge
3947,The Scalding Pools
3948,Brian and Pat Test
3949,Magma Fields
3950,Crimson Watch
3951,Evergrove
3952,Wyrmskull Bridge
3953,Scalewing Shelf
3954,Wyrmskull Tunnel
3955,Hellfire Basin
3956,The Shadow Stair
3957,Sha'tari Outpost
3958,Sha'tari Base Camp
3959,Black Temple
3960,Soulgrinder's Barrow
3961,Sorrow Wing Point
3962,Vim'gol's Circle
3963,Dragonspine Ridge
3964,Skyguard Outpost
3965,Netherwing Mines
3966,Dragonmaw Base Camp
3967,Dragonmaw Skyway
3968,Ruins of Lordaeron
3969,Rivendark's Perch
3970,Obsidia's Perch
3971,Insidion's Perch
3972,Furywing's Perch
3973,Blackwind Landing
3974,Veil Harr'ik
3975,Terokk's Rest
3976,Veil Ala'rak
3977,Upper Veil Shil'ak
3978,Lower Veil Shil'ak
3979,The Frozen Sea
3980,Daggercap Bay
3981,Valgarde
3982,Wyrmskull Village
3983,Utgarde Keep
3984,Nifflevar
3985,Falls of Ymiron
3986,Echo Reach
3987,The Isle of Spears
3988,Kamagua
3989,Garvan's Reef
3990,Scalawag Point
3991,New Agamand
3992,The Ancient Lift
3993,Westguard Turret
3994,Halgrind
3995,The Laughing Stand
3996,Baelgun's Excavation Site
3997,Explorers' League Outpost
3998,Westguard Keep
3999,Steel Gate
4000,Vengeance Landing
4001,Baleheim
4002,Skorn
4003,Fort Wildervar
4004,Vileprey Village
4005,Ivald's Ruin
4006,Gjalerbron
4007,Tomb of the Lost Kings
4008,Shartuul's Transporter
4009,Illidari Training Grounds
4010,Mudsprocket
4018,Camp Winterhoof
4019,Development Land
4020,Mightstone Quarry
4021,Bloodspore Plains
4022,Gammoth
4023,Amber Ledge
4024,Coldarra
4025,The Westrift
4026,The Transitus Stair
4027,Coast of Echoes
4028,Riplash Strand
4029,Riplash Ruins
4030,Coast of Idols
4031,Pal'ea
4032,Valiance Keep
4033,Winterfin Village
4034,The Borean Wall
4035,The Geyser Fields
4036,Fizzcrank Pumping Station
4037,Taunka'le Village
4038,Magnamoth Caverns
4039,Coldrock Quarry
4040,Njord's Breath Bay
4041,Kaskala
4042,Transborea
4043,The Flood Plains
4046,Direhorn Post
4047,Nat's Landing
4048,Ember Clutch
4049,Tabetha's Farm
4050,Derelict Strand
4051,The Frozen Glade
4052,The Vibrant Glade
4053,The Twisted Glade
4054,Rivenwood
4055,Caldemere Lake
4056,Utgarde Catacombs
4057,Shield Hill
4058,Lake Cauldros
4059,Cauldros Isle
4060,Bleeding Vale
4061,Giants' Run
4062,Apothecary Camp
4063,Ember Spear Tower
4064,Shattered Straits
4065,Gjalerhorn
4066,Frostblade Peak
4067,Plaguewood Tower
4068,West Spear Tower
4069,North Spear Tower
4070,Chillmere Coast
4071,Whisper Gulch
4072,Sub zone
4073,Winter's Terrace
4074,The Waking Halls
4075,Sunwell Plateau
4076,Reuse Me 7
4077,Sorlof's Strand
4078,Razorthorn Rise
4079,Frostblade Pass
4080,Isle of Quel'Danas
4081,The Dawnchaser
4082,The Sin'loren
4083,Silvermoon's Pride
4084,The Bloodoath
4085,Shattered Sun Staging Area
4086,Sun's Reach Sanctum
4087,Sun's Reach Harbor
4088,Sun's Reach Armory
4089,Dawnstar Village
4090,The Dawning Square
4091,Greengill Coast
4092,The Dead Scar
4093,The Sun Forge
4094,Sunwell Plateau
4095,Magisters' Terrace
4096,Clayt√∂n's WoWEdit Land
4097,Winterfin Caverns
4098,Glimmer Bay
4099,Winterfin Retreat
4100,The Culling of Stratholme
4101,Sands of Nasam
4102,Krom's Landing
4103,Nasam's Talon
4104,Echo Cove
4105,Beryl Point
4106,Garrosh's Landing
4107,Warsong Jetty
4108,Fizzcrank Airstrip
4109,Lake Kum'uya
4110,Farshire Fields
4111,Farshire
4112,Farshire Lighthouse
4113,Unu'pe
4114,Death's Stand
4115,The Abandoned Reach
4116,Scalding Pools
4117,Steam Springs
4118,Talramas
4119,Festering Pools
4120,The Nexus
4121,Transitus Shield
4122,Bor'gorok Outpost
4123,Magmoth
4124,The Dens of Dying
4125,Temple City of En'kilah
4126,The Wailing Ziggurat
4127,Steeljaw's Caravan
4128,Naxxanar
4129,Warsong Hold
4130,Plains of Nasam
4131,Magisters' Terrace
4132,Ruins of Eldra'nath
4133,Charred Rise
4134,Blistering Pool
4135,Spire of Blood
4136,Spire of Decay
4137,Spire of Pain
4138,Frozen Reach
4139,Parhelion Plaza
4140,The Dead Scar
4141,Torp's Farm
4142,Warsong Granary
4143,Warsong Slaughterhouse
4144,Warsong Farms Outpost
4145,West Point Station
4146,North Point Station
4147,Mid Point Station
4148,South Point Station
4149,D.E.H.T.A. Encampment
4150,Kaw's Roost
4151,Westwind Refugee Camp
4152,Moa'ki Harbor
4153,Indu'le Village
4154,Snowfall Glade
4155,The Half Shell
4156,Surge Needle
4157,Moonrest Gardens
4158,Stars' Rest
4159,Westfall Brigade Encampment
4160,Lothalor Woodlands
4161,Wyrmrest Temple
4162,Icemist Falls
4163,Icemist Village
4164,The Pit of Narjun
4165,Agmar's Hammer
4166,Lake Indu'le
4167,Obsidian Dragonshrine
4168,Ruby Dragonshrine
4169,Fordragon Hold
4170,Kor'kron Vanguard
4171,The Court of Skulls
4172,Angrathar the Wrathgate
4173,Galakrond's Rest
4174,The Wicked Coil
4175,Bronze Dragonshrine
4176,The Mirror of Dawn
4177,Wintergarde Keep
4178,Wintergarde Mine
4179,Emerald Dragonshrine
4180,New Hearthglen
4181,Crusader's Landing
4182,Sinner's Folly
4183,Azure Dragonshrine
4184,Path of the Titans
4185,The Forgotten Shore
4186,Venomspite
4187,The Crystal Vice
4188,The Carrion Fields
4189,Onslaught Base Camp
4190,Thorson's Post
4191,Light's Trust
4192,Frostmourne Cavern
4193,Scarlet Point
4194,Jintha'kalar
4195,Ice Heart Cavern
4196,Drak'Tharon Keep
4197,Wintergrasp
4198,Kili'ua's Atoll
4199,Silverbrook
4200,Vordrassil's Heart
4201,Vordrassil's Tears
4202,Vordrassil's Tears
4203,Vordrassil's Limb
4204,Amberpine Lodge
4205,Solstice Village
4206,Conquest Hold
4207,Voldrune
4208,Granite Springs
4209,Zeb'Halak
4210,Drak'Tharon Keep
4211,Camp Oneqwah
4212,Eastwind Shore
4213,The Broken Bluffs
4214,Boulder Hills
4215,Rage Fang Shrine
4216,Drakil'jin Ruins
4217,Blackriver Logging Camp
4218,Heart's Blood Shrine
4219,Hollowstone Mine
4220,Dun Argol
4221,Thor Modan
4222,Blue Sky Logging Grounds
4223,Maw of Neltharion
4224,The Briny Pinnacle
4225,Glittering Strand
4226,Iskaal
4227,Dragon's Fall
4228,The Oculus
4229,Prospector's Point
4230,Coldwind Heights
4231,Redwood Trading Post
4232,Vengeance Pass
4233,Dawn's Reach
4234,Naxxramas
4235,Heartwood Trading Post
4236,Evergreen Trading Post
4237,Spruce Point Post
4238,White Pine Trading Post
4239,Aspen Grove Post
4240,Forest's Edge Post
4241,Eldritch Heights
4242,Venture Bay
4243,Wintergarde Crypt
4244,Bloodmoon Isle
4245,Shadowfang Tower
4246,Wintergarde Mausoleum
4247,Duskhowl Den
4248,The Conquest Pit
4249,The Path of Iron
4250,Ruins of Tethys
4251,Silverbrook Hills
4252,The Broken Bluffs
4253,7th Legion Front
4254,The Dragon Wastes
4255,Ruins of Drak'Zin
4256,Drak'Mar Lake
4257,Dragonspine Tributary
4258,The North Sea
4259,Drak'ural
4260,Thorvald's Camp
4261,Ghostblade Post
4262,Ashwood Post
4263,Lydell's Ambush
4264,Halls of Stone
4265,The Nexus
4266,Harkor's Camp
4267,Vordrassil Pass
4268,Ruuna's Camp
4269,Shrine of Scales
4270,Drak'atal Passage
4271,Utgarde Pinnacle
4272,Halls of Lightning
4273,Ulduar
4275,The Argent Stand
4276,Altar of Sseratus
4277,Azjol-Nerub
4278,Drak'Sotra Fields
4279,Drak'Sotra
4280,Drak'Agal
4281,Acherus: The Ebon Hold
4282,The Avalanche
4283,The Lost Lands
4284,Nesingwary Base Camp
4285,The Seabreach Flow
4286,The Bones of Nozronn
4287,Kartak's Hold
4288,Sparktouched Haven
4289,The Path of the Lifewarden
4290,River's Heart
4291,Rainspeaker Canopy
4292,Frenzyheart Hill
4293,Wildgrowth Mangal
4294,Heb'Valok
4295,The Sundered Shard
4296,The Lifeblood Pillar
4297,Mosswalker Village
4298,Plaguelands: The Scarlet Enclave
4299,Kolramas
4300,Waygate
4302,The Skyreach Pillar
4303,Hardknuckle Clearing
4304,Sapphire Hive
4306,Mistwhisper Refuge
4307,The Glimmering Pillar
4308,Spearborn Encampment
4309,Drak'Tharon Keep
4310,Zeramas
4311,Reliquary of Agony
4312,Ebon Watch
4313,Thrym's End
4314,Voltarus
4315,Reliquary of Pain
4316,Rageclaw Den
4317,Light's Breach
4318,Pools of Zha'Jin
4319,Zim'Abwa
4320,Amphitheater of Anguish
4321,Altar of Rhunok
4322,Altar of Har'koa
4323,Zim'Torga
4324,Pools of Jin'Alai
4325,Altar of Quetz'lun
4326,Heb'Drakkar
4327,Drak'Mabwa
4328,Zim'Rhuk
4329,Altar of Mam'toth
4342,Acherus: The Ebon Hold
4343,New Avalon
4344,New Avalon Fields
4345,New Avalon Orchard
4346,New Avalon Town Hall
4347,Havenshire
4348,Havenshire Farms
4349,Havenshire Lumber Mill
4350,Havenshire Stables
4351,Scarlet Hold
4352,Chapel of the Crimson Flame
4353,Light's Point Tower
4354,Light's Point
4355,Crypt of Remembrance
4356,Death's Breach
4357,The Noxious Glade
4358,Tyr's Hand
4359,King's Harbor
4360,Scarlet Overlook
4361,Light's Hope Chapel
4362,Sinner's Folly
4363,Pestilent Scar
4364,Browman Mill
4365,Havenshire Mine
4366,Ursoc's Den
4367,The Blight Line
4368,The Bonefields
4369,Dorian's Outpost
4371,Mam'toth Crater
4372,Zol'Maz Stronghold
4373,Zol'Heb
4374,Rageclaw Lake
4375,Gundrak
4376,The Savage Thicket
4377,New Avalon Forge
4378,Dalaran Arena
4379,Valgarde
4380,Westguard Inn
4381,Waygate
4382,The Shaper's Terrace
4383,Lakeside Landing
4384,Strand of the Ancients
4385,Bittertide Lake
4386,Rainspeaker Rapids
4387,Frenzyheart River
4388,Wintergrasp River
4389,The Suntouched Pillar
4390,Frigid Breach
4391,Swindlegrin's Dig
4392,The Stormwright's Shelf
4393,Death's Hand Encampment
4394,Scarlet Tavern
4395,Dalaran
4396,Nozzlerust Post
4399,Farshire Mine
4400,The Mosslight Pillar
4401,Saragosa's Landing
4402,Vengeance Lift
4403,Balejar Watch
4404,New Agamand Inn
4405,Passage of Lost Fiends
4406,The Ring of Valor
4407,Hall of the Frostwolf
4408,Hall of the Stormpike
4411,Stormwind Harbor
4412,The Makers' Overlook
4413,The Makers' Perch
4414,Scarlet Tower
4415,The Violet Hold
4416,Gundrak
4417,Onslaught Harbor
4418,K3
4419,Snowblind Hills
4420,Snowblind Terrace
4421,Garm
4422,Brunnhildar Village
4423,Sifreldar Village
4424,Valkyrion
4425,The Forlorn Mine
4426,Bor's Breath River
4427,Argent Vanguard
4428,Frosthold
4429,Grom'arsh Crash-Site
4430,Temple of Storms
4431,Engine of the Makers
4432,The Foot Steppes
4433,Dragonspine Peaks
4434,Nidavelir
4435,Narvir's Cradle
4436,Snowdrift Plains
4437,Valley of Ancient Winters
4438,Dun Niffelem
4439,Frostfield Lake
4440,Thunderfall
4441,Camp Tunka'lo
4442,Brann's Base-Camp
4443,Gate of Echoes
4444,Plain of Echoes
4445,Ulduar
4446,Terrace of the Makers
4447,Gate of Lightning
4448,Path of the Titans
4449,Uldis
4450,Loken's Bargain
4451,Bor's Fall
4452,Bor's Breath
4453,Rohemdal Pass
4454,The Storm Foundry
4455,Hibernal Cavern
4456,Voldrune Dwelling
4457,Torseg's Rest
4458,Sparksocket Minefield
4459,Ricket's Folly
4460,Garm's Bane
4461,Garm's Rise
4462,Crystalweb Cavern
4463,Temple of Life
4464,Temple of Order
4465,Temple of Winter
4466,Temple of Invention
4467,Death's Rise
4468,The Dead Fields
4469,Dargath's Demise
4470,The Hidden Hollow
4471,Bernau's Happy Fun Land
4472,Frostgrip's Hollow
4473,The Frigid Tomb
4474,Twin Shores
4475,Zim'bo's Hideout
4476,Abandoned Camp
4477,The Shadow Vault
4478,Coldwind Pass
4479,Winter's Breath Lake
4480,The Forgotten Overlook
4481,Jintha'kalar Passage
4482,Arriga Footbridge
4483,The Lost Passage
4484,Bouldercrag's Refuge
4485,The Inventor's Library
4486,The Frozen Mine
4487,Frostfloe Deep
4488,The Howling Hollow
4489,Crusader Forward Camp
4490,Stormcrest
4491,Bonesnap's Camp
4492,Ufrang's Hall
4493,The Obsidian Sanctum
4494,Ahn'kahet: The Old Kingdom
4495,Fjorn's Anvil
4496,Jotunheim
4497,Savage Ledge
4498,Halls of the Ancestors
4499,The Blighted Pool
4500,The Eye of Eternity
4501,The Argent Vanguard
4502,Mimir's Workshop
4503,Ironwall Dam
4504,Valley of Echoes
4505,The Breach
4506,Scourgeholme
4507,The Broken Front
4508,Mord'rethar: The Death Gate
4509,The Bombardment
4510,Aldur'thar: The Desolation Gate
4511,The Skybreaker
4512,Orgrim's Hammer
4513,Ymirheim
4514,Saronite Mines
4515,The Conflagration
4516,Ironwall Rampart
4517,Weeping Quarry
4518,Corp'rethar: The Horror Gate
4519,The Court of Bones
4520,Malykriss: The Vile Hold
4521,Cathedral of Darkness
4522,Icecrown Citadel
4523,Icecrown Glacier
4524,Valhalas
4525,The Underhalls
4526,Njorndar Village
4527,Balargarde Fortress
4528,Kul'galar Keep
4529,The Crimson Cathedral
4530,Sanctum of Reanimation
4531,The Fleshwerks
4532,Vengeance Landing Inn
4533,Sindragosa's Fall
4534,Wildervar Mine
4535,The Pit of the Fang
4536,Frosthowl Cavern
4537,The Valley of Lost Hope
4538,The Sunken Ring
4539,The Broken Temple
4540,The Valley of Fallen Heroes
4541,Vanguard Infirmary
4542,Hall of the Shaper
4543,Temple of Wisdom
4544,Death's Breach
4545,Abandoned Mine
4546,Ruins of the Scarlet Enclave
4547,Halls of Stone
4548,Halls of Lightning
4549,The Great Tree
4550,The Mirror of Twilight
4551,The Twilight Rivulet
4552,The Decrepit Flow
4553,Forlorn Woods
4554,Ruins of Shandaral
4555,The Azure Front
4556,Violet Stand
4557,The Unbound Thicket
4558,Sunreaver's Command
4559,Windrunner's Overlook
4560,The Underbelly
4564,Krasus' Landing
4567,The Violet Hold
4568,The Eventide
4569,Sewer Exit Pipe
4570,Circle of Wills
4571,Silverwing Flag Room
4572,Warsong Flag Room
4575,Wintergrasp Fortress
4576,Central Bridge
4577,Eastern Bridge
4578,Western Bridge
4579,Dubra'Jin
4580,Crusaders' Pinnacle
4581,Flamewatch Tower
4582,Winter's Edge Tower
4583,Shadowsight Tower
4584,The Cauldron of Flames
4585,Glacial Falls
4586,Windy Bluffs
4587,The Forest of Shadows
4588,Blackwatch
4589,The Chilled Quagmire
4590,The Steppe of Life
4591,Silent Vigil
4592,Gimorak's Den
4593,The Pit of Fiends
4594,Battlescar Spire
4595,Hall of Horrors
4596,The Circle of Suffering
4597,Rise of Suffering
4598,Krasus' Landing
4599,Sewer Exit Pipe
4601,Dalaran Island
4602,Force Interior
4603,Vault of Archavon
4604,Gate of the Red Sun
4605,Gate of the Blue Sapphire
4606,Gate of the Green Emerald
4607,Gate of the Purple Amethyst
4608,Gate of the Yellow Moon
4609,Courtyard of the Ancients
4610,Landing Beach
4611,Westspark Workshop
4612,Eastspark Workshop
4613,Dalaran City
4614,The Violet Citadel Spire
4615,Naz'anak: The Forgotten Depths
4616,Sunreaver's Sanctuary
4617,Elevator
4618,Antonidas Memorial
4619,The Violet Citadel
4620,Magus Commerce Exchange
4621,UNUSED
4622,First Legion Forward Camp
4623,Hall of the Conquered Kings
4624,Befouled Terrace
4625,The Desecrated Altar
4626,Shimmering Bog
4627,Fallen Temple of Ahn'kahet
4628,Halls of Binding
4629,Winter's Heart
4630,The North Sea
4631,The Broodmother's Nest
4632,Dalaran Floating Rocks
4633,Raptor Pens
4635,Drak'Tharon Keep
4636,The Noxious Pass
4637,Vargoth's Retreat
4638,Violet Citadel Balcony
4639,Band of Variance
4640,Band of Acceleration
4641,Band of Transmutation
4642,Band of Alignment
4644,Orendil's Retreat
4645,Blackfathom Camp
4646,Ashwood Lake
4647,Ruuzel's Isle
4648,Auberdine Refugee Camp
4650,Iron Concourse
4652,Formation Grounds
4653,Razorscale's Aerie
4654,The Colossal Forge
4655,The Scrapyard
4656,The Conservatory of Life
4657,The Archivum
4658,Argent Tournament Grounds
4659,Lor'danel
4660,Ruins of Lornesta
4661,Cliffspring Hollow
4662,Shatterspear War Camp
4663,Maw of the Void
4664,Shatterspear Vale
4665,Expedition Base Camp
4666,Sunreaver Pavilion
4667,Silver Covenant Pavilion
4668,The Cooper Residence
4669,The Ring of Champions
4670,The Aspirants' Ring
4671,The Argent Valiants' Ring
4672,The Alliance Valiants' Ring
4673,The Horde Valiants' Ring
4674,Argent Pavilion
4675,Withering Thicket
4676,Sunreaver Pavilion
4677,Silver Covenant Pavilion
4679,The Forlorn Cavern
4688,claytonio test area
4690,Thunder Peak
4691,Hellscream's Watch
4692,Quel'Delar's Rest
4693,Splintertree Mine
4694,Thistlefur Hold
4695,The Eye of the Vortex
4696,Blackwood Camp
4697,The Blazing Strand
4698,Moontouched Den
4702,Shatterspear Pass
4705,Raynewood Tower
4706,Ruins of Gilneas
4707,The Lost Isles
4708,Earthshatter Cavern
4709,Southern Barrens
4710,Isle of Conquest
4711,Stardust Spire
4712,Moonwell of Cleansing
4713,Krolg's Hut
4714,Gilneas
4715,The Skunkworks
4716,Bolyun's Camp
4717,House of Edune
4718,Wellspring Hovel
4719,Familiars
4720,The Lost Isles
4721,Shipwreck Shore
4722,Trial of the Crusader
4723,Trial of the Champion
4724,Ban'ethil Barrow Descent
4725,The Headlands
4726,Keel Harbor
4727,Aderic's Repose
4728,Northern Headlands
4729,Northgate Woods
4730,The Blackwald
4731,Stormglen Village
4732,Emberstone Mine
4733,Galewatch Lighthouse
4734,Emberstone Village
4735,Northgate Breach
4736,The Bite
4737,Kezan
4738,Abyssal Maw
4739,Runeweaver Square
4740,The Silver Enclave
4741,Isle of Conquest No Man's Land
4742,Hrothgar's Landing
4743,Deathspeaker's Watch
4744,Mountainfoot Strip Mine
4745,Orgrimmar Rear Gate
4747,Workshop
4748,Quarry
4749,Docks
4750,Hangar
4751,Refinery
4752,Horde Keep
4753,Alliance Keep
4755,Gilneas City
4756,Merchant Square
4757,Military District
4758,Greymane Court
4759,Cathedral Quarter
4760,The Sea Reaver's Run
4761,Light's Dawn Cathedral
4762,Stoneward Prison
4763,Transport: Alliance Gunship
4764,Transport: Horde Gunship
4765,KTC Headquarters
4766,Kaja'mine
4767,Bilgewater Port
4768,Gallywix's Villa
4769,Hrothgar's Landing
4770,First Bank of Kezan
4771,Drudgetown
4772,The Slick
4773,Swindle Street
4774,Gilneas (Do Not Reuse)
4778,Kaja'mite Cavern
4779,Horde Base Camp
4780,The Vicious Vale
4781,Wild Overlook
4782,The Savage Glen
4783,Alliance Beachhead
4784,Vengeance Wake
4785,The Great Sea
4786,Duskhaven
4787,Stagecoach Crash Site
4788,Tempest's Reach
4789,The Greymane Wall
4790,Northgate River
4791,Hailwood Marsh
4792,Allen Farmstead
4793,Hammond Farmstead
4794,Koroth's Den
4795,Slitherblade Shore
4796,Slitherblade Shore
4797,Magram Territory
4798,Thargad's Camp
4799,Trial of Fire
4800,Trial of Shadow
4801,Arcane Pinnacle
4802,Draka's Fury
4803,Furien's Post
4804,Cenarion Wildlands
4805,Karnum's Glade
4806,Wahl Cottage
4807,Crowley Orchard
4808,Hayward Fishery
4809,The Forge of Souls
4810,Queen's Gate
4811,King's Gate
4812,Icecrown Citadel
4813,Pit of Saron
4814,Sable Ridge
4815,Kelp'thar Forest
4816,Dire Strait
4817,Greymane Manor
4818,Crowley Stable Grounds
4819,The Ancient Grove
4820,Halls of Reflection
4821,Bilgewater Harbor
4822,Kajaro Field
4823,South Seas
4824,Gallywix Pleasure Palace
4825,Northern Rocketway Exchange
4826,Storm Cliffs
4827,Storm Cliffs
4828,Southern Rocketway Terminus
4829,The Secret Lab
4830,Orgrimmar Rocketway Exchange
4832,Transport: Alliance Gunship (IGB)
4833,Transport: Horde Gunship (IGB)
4834,Ruins of Nordressa
4835,Camp Sungraze
4836,Stonetalon Pass
4837,Whitebeard's Encampment
4838,Gallywix's Yacht
4839,Fargaze Mesa
4840,The Pipe
4841,Tal'doren
4842,Livery Outpost
4843,Honor's Stand
4844,Hunter's Hill
4845,The Overgrowth
4846,Camp Una'fe
4847,Northwatch Hold
4848,Teegan's Expedition
4849,Forward Command
4850,Fields of Blood
4851,Ruins of Taurajo
4852,The Great Gate
4853,Desolation Hold
4854,Fort Triumph
4855,Battlescar
4856,Bael Modan
4857,Firestone Point
4858,Rygna's Lair
4859,The Frozen Throne
4860,Overgrown Camp
4861,The Regrowth
4862,The Frozen Halls
4863,Bloodtalon Shore
4864,Zalazane's Fall
4865,Darkspear Training Grounds
4866,Darkspear Hold
4867,Spitescale Cove
4868,The Bradshaw Mill
4869,Wood's End Cabin
4870,Landing Site
4871,Town-In-A-Box
4872,Bael'dun Keep
4873,Raptor Rise
4874,Scorched Gully
4875,Darkspear Isle
4876,Ruins of Vashj'elan
4877,Vashj'elan Spawning Pool
4878,The Thornsnarl
4879,The Battleboar Pen
4880,Thornmantle's Hideout
4881,Stonetalon Pass
4882,Marshal's Stand
4883,Mossy Pile
4884,The Screaming Reaches
4885,The Roiling Gardens
4886,Oomlot Village
4887,Nightmare Scar
4888,The Nightmare Scar
4889,The Frost Queen's Lair
4890,Putricide's Laboratory of Alchemical Horrors and Fun
4891,The Sanctum of Blood
4892,The Crimson Hall
4893,The Frost Queen's Lair
4894,Putricide's Laboratory of Alchemical Horrors and Fun
4895,The Crimson Hall
4896,The Frozen Throne
4897,The Sanctum of Blood
4898,Frostmourne
4899,Lost Peak
4900,Oostan Nord
4901,Oostan Sor
4902,Oostan Ost
4903,Oostan
4904,The Dark Approach
4905,Scourgelord's Command
4906,The Shadow Throne
4908,The Hidden Passage
4909,Lost Caldera
4910,Frostmourne
4911,Volcanoth's Lair
4912,Warchief's Lookout
4913,Spitescale Cavern
4914,Tranquil Coast
4915,Rotbrain Encampment
4916,Calston Estate
4917,Scarlet Palisade
4918,Scarlet Encampment
4919,Death's Watch Waystation
4920,Crusader's Run
4921,Scarlet Watchtower
4922,Twilight Highlands
4923,Sky Falls
4924,Gallywix Labor Mine
4925,Thunk's Abode
4926,Blackrock Caverns
4927,The Fold
4928,Talondeep Pass
4929,Windshear Hold
4930,Webwinder Hollow
4931,Ruins of Eldre'thar
4932,The Deep Reaches
4933,Krom'gar Fortress
4934,The Sludgewerks
4935,Mirkfallon Post
4936,Cliffwalker Post
4937,Thal'darah Overlook
4938,Battlescar Valley
4939,Farwatcher's Glen
4940,Northwatch Expedition Base Camp
4941,Unearthed Grounds
4942,Windshear Heights
4943,Dagger Pass
4944,Thal'darah Grove
4945,Halls of Origination
4946,Bael Modan Excavation
4947,Twinbraid's Patrol
4948,Frazzlecraz Motherlode
4949,Spearhead
4950,Grim Batol
4951,Bilgewater Lumber Yard
4952,KTC Oil Platform
4953,Kelp'thar Forest
4954,Gallywix Docks
4955,The Lightless Reaches
4956,The Slave Pits
4958,Verdant Highlands
4961,Silver Tide Trench
4962,Nespirah
4963,Glimmerdeep Gorge
4966,Biel'aran Ridge
4967,Ruins of Vashj'ir
4968,Quel'Dormir Terrace
4969,Tranquil Wash
4970,Legion's Rest
4971,L'ghorek
4972,Thermal Vents
4973,The Overlook
4974,Underlight Canyon
4975,Tenebrous Cavern
4976,Darkbreak Cove
4977,Korthun's End
4978,Wolf's Run
4979,Shrine of Goldrinn
4980,Maw of Lycanthoth
4981,Southfury Watershed
4982,The Dranosh'ar Blockade
4983,Twilight Crossing
4984,The Twilight Gauntlet
4985,The High Road
4986,Vendetta Point
4987,The Ruby Sanctum
4988,Gar'gol's Hovel
4989,Grove of Aessina
4990,Shrine of Aviana
4991,Darkwhisper Gorge
4992,Broken Commons
4993,Darkwhisper Pass
4994,The Forge of Supplication
4995,Seat of the Chosen
4996,Doom's Vigil
4998,Gates of Sothann
4999,Lightning Ledge
5000,Verrall River
5002,Camp Ataya
5003,Stonemaul Hold
5004,Throne of the Tides
5005,Silver Tide Hollow
5006,Damplight Cavern
5007,Ruins of Thelserai Temple
5008,Shimmering Grotto
5009,Shadebough
5010,New Thalanaar
5011,Westreach Summit
5012,The Briny Cutter
5013,Blackhorn's Penance
5014,The Inferno
5015,Leyara's Sorrow
5016,Whistling Grove
5017,The Scorched Plain
5018,Ashen Lake
5019,Sanctuary of Malorne
5020,The Flamewake
5021,The Searing Gateway
5022,Rim of the World
5023,The Emerald Summit
5024,Dreamer's Rest
5025,The Shimmering Deep
5026,Rustmaul Dive Site
5027,Splithoof Heights
5028,Southsea Holdfast
5029,The Admiral's Den
5030,Shallow's End
5031,Twin Peaks
5032,Hyjal Barrow Dens
5033,Twilight Command Post
5034,Uldum
5035,The Vortex Pinnacle
5036,Darkmist Ruins
5037,Lake Edunel
5038,Nordrassil
5039,Sulfuron Spire
5040,The Throne of Flame
5041,Fizzle & Pozzik's Speedbarge
5042,Deepholm
5044,The Tainted Forest
5045,Ascendant's Rise
5046,Mirage Abyss
5047,Abyssal Breach
5048,Raceway Ruins
5049,Speedbarge Bar
5050,The Hatchery
5051,Seafarer's Tomb
5052,Legion's Fate
5053,Gurboggle's Ledge
5054,The Skeletal Reef
5055,Gnaws' Boneyard
5056,The Immortal Coil
5057,Smuggler's Scar
5058,Deepmist Grotto
5059,The Clutch
5060,Steelspark Station
5061,Steelspark Station
5062,Bootlegger Outpost
5063,Dunemaul Recruitment Camp
5064,The Anvil of Flame
5065,Tower of Estulan
5066,Trueshot Point
5067,The Inner Spire
5068,Pattymack Land
5070,Budd's Dig
5071,Gorrok's Lament
5072,Feathermoon Stronghold
5073,Fallowmere Inn
5074,Slabchisel's Survey
5075,Tirth's Haunt
5076,Nethergarde Supply Camps
5077,Shattershore
5078,The Red Reaches
5079,Rockpool Village
5080,Bloodwash Fighting Pits
5081,Bloodwash Shrine
5082,Bloodwash Cavern
5083,Sunveil Excursion
5084,Surwich
5085,Maldraz
5086,Dreadmaul Furnace
5087,Sethria's Roost
5088,The Stonecore
5089,Quel'Dormir Gardens
5090,Nar'shola Terrace
5092,Razorfen Downs
5093,Northwatch Expedition Base Camp Inn
5094,Blackwing Descent
5095,Tol Barad
5096,The Forbidding Sea
5097,Frostmane Front
5098,Frostmane Retreat
5099,The Crucible
5100,Promontory Point
5101,Deepfin Ridge
5102,Nightmare Depths
5103,The Scalding Chasm
5104,The Undershell
5105,Pincer X2
5106,The Verne
5107,Sira'kess Front
5108,The Battle for Gilneas (Old City Map)
5109,Cathedral Quarter
5110,Greymane Court
5111,Light's Dawn Cathedral
5112,Stoneward Prison
5113,Merchant Square
5114,Bahrum's Post
5115,Ironforge Airfield
5117,Nozzlepot's Outpost
5118,Windshear Valley
5121,Galen's Fall
5124,Quel'Dormir Temple
5130,Seat of Life
5134,Seabrush
5135,Abandoned Reef
5136,Dragonmaw Port
5137,The Krazzworks
5138,Bloodgulch
5139,The Gullet
5140,Highbank
5141,Firebeard's Patrol
5142,Thundermar
5143,Kirthaven
5144,Shimmering Expanse
5145,Abyssal Depths
5146,Vashj'ir
5148,Trade District
5149,Old Town
5150,Dwarven District
5151,Cathedral Square
5152,The Park
5154,Mage Quarter
5155,Vermillion Redoubt
5157,The Park
5166,Cleft of Shadow
5167,The Drag
5168,Valley of Honor
5169,Valley of Spirits
5170,Valley of Strength
5171,Valley of Wisdom
5173,The Severed Span
5174,Hogger Hill
5176,Goldtooth's Den
5177,Crushcog's Arsenal
5178,The Toxic Airfield
5247,The Tidebreaker
5248,Voldrin's Hold
5249,Stygian Bounty
5250,Galerek's Remorse
5251,The Iron Reaper
5252,The Intrepid
5287,The Cape of Stranglethorn
5288,Ahn'Qiraj Terrace
5289,Mortwake's Tower
5290,The Raging Chasm
5291,Jagged Wastes
5292,Scoured Reach
5293,Crumbling Depths
5294,Shuddering Spires
5295,The Pale Roost
5296,Therazane's Throne
5297,Halcyon Egress
5298,Twilight Precipice
5299,Lorthuna's Gate
5300,Verlok Stand
5301,Grolluk's Grave
5302,Crimson Expanse
5303,Temple of Earth
5304,Swiftgear Station
5305,Greenwarden's Grove
5306,Hull of the Foebreaker
5311,Transport: Onyxia/Nefarian Elevator
5312,Nazj'vel
5313,Storm's Fury Wreckage
5314,Stormwind Lake
5315,Llane's Oath
5316,Olivia's Pond
5317,Bambala
5318,The Sundering
5320,Fort Livingston
5321,Yowler's Den
5322,Scar of the Worldbreaker
5323,Stormfeather Outpost
5324,Shalewind Canyon
5325,Keeshan's Post
5326,Camp Everstill
5327,Tower Watch
5328,Upper Silvermarsh
5329,Lower Silvermarsh
5330,Stonehearth
5331,Fractured Front
5332,Goblin Slums
5333,Trial of Frost
5334,The Bastion of Twilight
5335,Quartzite Basin
5336,Remains of the Fleet
5337,Sanctum of the Prophets
5338,Fungal Deep
5339,Stranglethorn Vale
5340,Hall of Arms
5341,Hall of Explorers
5342,The Great Forge
5343,The Military Ward
5344,The Mystic Ward
5345,Thunder Bluff
5346,Stormwind City Cemetery
5347,Render's Crater
5348,Alliance Mercenary Ship to Vashj'ir
5349,Needlerock Slag
5350,Needlerock Chasm
5351,Ruins of Gilneas City
5352,Alabaster Shelf
5353,Verrall Delta
5354,Twilight Overlook
5355,Abyssion's Lair
5356,Grommash Hold
5357,The Quaking Fields
5358,Deathwing's Fall
5367,The Menders' Stead
5368,Avalanchion's Vault
5369,Forsaken High Command
5374,Blackrock Caverns Entrance
5375,Wreckage of the Silver Dawning
5382,The Abyssal Maw
5383,Den of the Devourer
5385,The Great Divide
5386,Forsaken Rear Guard
5387,The Forsaken Front
5388,Dawnrise Expedition
5389,Tol Barad Peninsula
5390,The Canals
5391,Ironwing Cavern
5392,Charred Outpost
5394,Masters' Gate
5395,Chamber of Respite
5396,Lost City of the Tol'vir
5397,The Wollerton Stead
5398,Stormwind City Outskirts
5399,Baradin Hold
5400,Slagworks
5401,Ironclad Garrison
5402,Warden's Vigil
5403,East Spire
5404,South Spire
5405,West Spire
5406,Blackstone Span
5408,Explorers' League Digsite
5409,The Old Barracks
5410,Silverlight Cavern
5411,Malicia's Outpost
5416,The Maelstrom
5418,The Blood Trail
5420,The Gate of Unending Cycles
5421,Redpine Dell
5422,Taelan's Tower
5423,Obelisk of the Stars
5424,Obsidian Breakers
5425,Twilight Shore
5426,Path of Uther
5427,Sorrow Hill Crypt
5428,The Eastern Earthshrine
5429,The Western Earthshrine
5431,Chamber of the Stars
5432,Forsaken Forward Command
5433,The Greymane Wall
5434,Forsaken Forward Command
5435,Gilneas City
5436,Tempest's Reach
5437,Ring of the Elements
5438,The Maw of Madness
5439,Ruins of Drakgor
5440,Northern Headlands
5441,Emberstone Village
5442,Emberstone Mine
5443,Dreadwatch Outpost
5444,Rutsak's Guard
5445,Glory
5446,Death's Step
5447,Scarred Terrace
5448,Light's Shield Tower
5449,The Battle for Gilneas
5450,Lighthouse
5451,Waterworks
5452,Mines
5453,Horde Landing
5454,Gilnean Stronghold
5455,Khartut's Tomb
5456,The Battlefront
5457,The Overlook
5458,Bogpaddle
5459,Marshtide Watch
5460,The Bloodmire
5461,Dragonmaw Pass
5462,Wyrms' Bend
5463,Ix'lar's Domain
5464,Darrowshire Hunting Grounds
5465,Orsis
5466,Ramkahen
5467,Nahom
5468,Gilnean Coast
5469,Siege Vise
5470,Victor's Point
5471,Crushblow
5472,The Twilight Gate
5473,The Twilight Citadel
5474,Elementium Depths
5475,Den of the Disciples
5476,Pyrewood Chapel
5477,Pyrewood Inn
5478,Pyrewood Town Hall
5479,Slithering Cove
5480,Gilneas Liberation Front Base Camp
5481,7th Legion Base Camp
5483,Dunwald Ruins
5484,Dunwald Holdout
5485,Dunwald Hovel
5486,Dunwald Town Square
5487,Dunwald Market Row
5488,Gorshak War Camp
5489,The Boneyard
5493,The Devouring Breach
5495,Gnomeregan
5496,Fuselight
5497,Fuselight-by-the-Sea
5498,Mar'at
5499,Akhenet Fields
5500,Ramkahen Legion Outpost
5501,Shrine of the Elements
5502,Thundermar Ruins
5503,Altar of Ascension
5504,Lake Dumont
5505,The Pit of Scales
5506,The Defiled Chapel
5507,The Cerebrillum
5508,Sunstone Terrace
5510,Shadowfang Keep Entrance
5511,Scarlet Monastery Entrance
5512,Scholomance Entrance
5513,Stratholme Entrance
5514,Stratholme Service Entrance
5515,Blackrock Depths Entrance
5516,Blackrock Spire Entrance
5517,Blackfathom Deeps Entrance
5518,Razorfen Kraul Entrance
5519,Rhea's Camp
5520,Maruadon - The Wicked Grotto Entrance
5521,Maraudon - Foulspore Cavern Entrance
5522,Maraudon - Earth Song Falls Entrance
5523,Uldaman Entrance
5524,Bloodwatcher Point
5525,Dustwind Dig
5526,Tomb of the Watchers
5527,Crucible of Carnage
5529,Dire Maul - Warpwood Quarter Entrance
5530,Dire Maul - Gordok Commons Entrance
5531,Dire Maul - Capital Gardens Entrance
5532,Razorfen Downs Entrance
5533,Zul'Farrak Entrance
5534,Cape of Lost Hope
5535,Wellson Shipyard
5536,Forgotten Hill
5537,The Darkwood
5538,Rustberg Village
5539,Farson Hold
5540,Largo's Overlook
5541,Hellfire Citadel - Ramparts Entrance
5542,The Restless Front
5543,Hellfire Citadel - The Shattered Halls Entrance
5544,Hellfire Citadel - The Blood Furnace Entrance
5545,Baradin Base Camp
5546,Hellscream's Grasp
5547,Auchindoun - Auchenai Crypts Entrance
5548,Auchindoun - Mana-Tombs Entrance
5549,Auchindoun - Sethekk Halls Entrance
5550,Auchindoun - Shadow Labyrinth Entrance
5551,Coilfang - The Steamvault Entrance
5552,Coilfang - The Underbog Entrance
5553,Coilfang - The Slave Pens Entrance
5554,Tempest Keep - The Mechanar Entrance
5555,Tempest Keep - The Botanica Entrance
5556,Tempest Keep - The Arcatraz Entrance
5557,Magisters' Terrace Entrance
5558,The Escape from Durnholde Entrance
5559,Opening of the Dark Portal Entrance
5560,The Culling of Stratholme Entrance
5561,The Nexus Entrance
5562,The Oculus Entrance
5563,Loch Verrall
5564,Dragon's Mouth
5565,New Kargath
5566,Utgarde Keep Entrance
5567,Utgarde Pinnacle Entrance
5568,Azjol-Nerub Entrance
5569,Ahn'kahet: The Old Kingdom Entrance
5570,Drak'Tharon Keep Entrance
5571,Violet Hold Entrance
5572,Gundrak Entrance
5573,Halls of Stone Entrance
5574,Halls of Lightning Entrance
5575,Trial of the Champion Entrance
5576,The Forge of Souls Entrance
5577,Pit of Saron Entrance
5578,Halls of Reflection Entrance
5579,Throne of the Tides Entrance
5580,Grim Batol Entrance
5581,The Stonecore Entrance
5582,The Threshold
5583,The Vortex Pinnacle
5584,Altar of Twilight
5585,Gate of Hamatep
5586,Vir'naal River
5588,Twilight Aerie
5589,The Twilight Withering
5590,Twilight Bulwark
5591,Sunken Dig Site
5592,The Hidden Clutch
5593,The Nosebleeds
5594,Highland Forest
5595,Obsidian Forest
5596,Cradle of the Ancients
5597,Obelisk of the Sun
5598,Sunken Temple Entrance
5599,Lost City of the Tol'vir
5600,Baradin Hold
5601,Chamber of the Sun
5602,Schnottz's Landing
5603,Eastpoint Tower
5604,Sludgeguard Tower
5605,Shriveled Oasis
5606,Ruins of Ammon
5609,The Black Breach
5610,Tomb of the Earthrager
5611,Firebeard Cemetery
5612,The Cursed Landing
5613,The Steps of Fate
5614,The Trail of Devastation
5615,Pyrox Flats
5622,The Verdant Thicket
5623,The Circle of Cinders
5624,The Tranquil Grove
5625,Ruins of Lar'donir
5626,Shadowlurk Ridge
5627,Black Drake Roost
5628,Iron Summit
5629,Thorium Advance
5630,The Maelstrom
5631,Oasis of the Fallen Prophet
5632,The Trapper's Enclave
5633,Terrace of the Augurs
5634,Sanctum of the South Wind
5635,The Warlord's Garrison
5637,Lion's Pride Inn
5638,Throne of the Four Winds
5639,Glopgut's Hollow
5640,Humboldt Conflagration
5641,The Twilight Breach
5642,Tahret Grounds
5644,Seal of the Sun King
5645,Whisperwind Grove
5646,Sahket Wastes
5647,Ruins of Ahmtul
5649,Wildheart Point
5650,The Whelping Downs
5651,Flamestar Post
5652,Black Tooth Hovel
5653,Fields of Honor
5654,Chiselgrip
5655,Firegut Furnace
5656,The Skull Warren
5657,D-Block
5658,Cursed Depths
5659,The Hole
5660,Obsidian Lair
5663,Neferset City
5664,Iso'rath
5665,Sunwatcher's Ridge
5666,Vir'naal Dam
5667,Cannon's Inferno
5668,Obelisk of the Moon
5669,Temple of Uldum
5670,Oasis of Vir'sar
5671,Ruins of Khintaset
5672,Chamber of the Moon
5673,Sullah's Sideshow
5674,Maker's Ascent
5675,Arikara's Needle
5676,Irontree Clearing
5677,Valley of Ashes
5678,Sindweller's Rise
5679,Neferset City Outskirts
5680,Wildhammer Flag Room
5681,Dragonmaw Flag Room
5682,Thunderstrike Mountain
5683,Beneath The Double Rainbow
5684,Throne of the Four Winds
5685,Pilgrim's Precipice
5686,Bashal'Aran Collapse
5687,The Howling Oak
5688,Mount Akher
5689,Tombs of the Precursors
5690,Arsad Trade Post
5691,Darkspear Shore
5692,The Deathknell Graves
5693,Murkdeep Cavern
5694,Keset Pass
5695,Ahn'Qiraj: The Fallen Kingdom
5696,Surveyors' Outpost
5697,M.A.C. Diver
5698,Tomb of the Sun King
5699,The Circle of Life
5700,Schnottz's Hostel
5701,Halls of Origination Entrance
5702,The Vortex Pinnacle Entrance
5703,Goodgrub Smoking Pit
5704,The Catacombs
5705,Snowden Chalet
5706,The Steam Pools
5707,Beryl Egress
5708,Lost City of the Tol'vir Entrance
5709,Atulhet's Tomb
5710,The Lightless Reaches
5711,The Lightless Reaches
5712,The Blackwald
5713,Hayward Fishery
5714,Stormglen Village
5715,Vir'naal Oasis
5716,Vir'naal Lake
5717,Vir'naal River Delta
5718,Fortune's Fist
5719,The Commons
5720,Duskmist Shore
5721,Brashtide Attack Fleet
5723,Firelands
5724,Twilight Camp
5726,Camp Mojache Longhouse
5727,Scott's Spooky Area
5728,Falconwing Inn
5729,Blackwing Descent
5730,Nordrassil Inn
5731,Whelgar's Retreat
5732,Halls of Origination
5733,Molten Front
5738,Malfurion's Breach
5739,Ashen Fields
5740,Magma Springs
5741,Igneous Depths
5742,Forlorn Spire
5743,The Widow's Clutch
5744,Wildflame Point
5745,The Furnace
5746,The Molten Flow
5747,Crumbling Stones
5748,Fireplume Peak
5749,Ragnaros' Reach
5758,Dreadmist Camp
5763,Rhyolith Plateau
5764,Beth'tilac's Lair
5765,Flamebreach
5766,Shatterstone
5767,Mortal's Demise
5768,Sulfuron Span
5769,Sulfuron Keep Courtyard
5770,Sulfuron Keep
5771,The Molten Fields
5775,Dragonmaw Stronghold
5776,Wildhammer Stronghold
5779,Thalassian Range
5780,Amani Mountains
5781,Nordune Ridge
5782,Darsok's Outpost
5783,Alcaz Island
5784,Cloudtop Terrace
5786,The Nexus
5787,Schnottz's Frigate
5788,Well of Eternity
5789,End Time
5790,Ruby Dragonshrine
5791,The Ridge of Ancient Flame
5792,Obsidian Dragonshrine
5793,Azure Dragonshrine
5794,Emerald Dragonshrine
5795,Bronze Dragonshrine
5796,Entryway of Time
5797,The Staidridge
5798,The Anvil of Conflagration
5799,Eye of the Storm
5800,Blood Elf Tower
5802,Draenei Ruins
5803,Fel Reaver Ruins
5804,Mage Tower
5806,Spine of the Destroyer UNUSED
5807,Beth'tilac's Lair
5808,Sulfuron Keep Courtyard
5809,Sulfuron Keep
5810,Anvil of Conflagration
5811,The Molten Fields
5812,Mortal's Demise
5813,Sulfuron Span
5814,Shatterstone
5815,Flamebreach
5816,The Ridge of Ancient Flame
5817,Rhyolith Plateau
5818,Firelands
5821,The Path of Corruption
5823,Circle of Thorns
5824,Bluff of the South Wind
5838,Whispering Forest
5839,The Great Divide
5844,Hour of Twilight
5845,Wyrmrest Temple
5861,Darkmoon Island
5869,The Great Sea
5870,The Darkmoon Faire
5877,Darkmoon Deathmatch
5880,Maelstrom Deathwing Fight
5892,Dragon Soul
5893,The Maelstrom
5894,Testing02
5895,Testing SubZone A
5902,Darkmoon Path
5904,Darkmoon Boardwalk
5913,Dire Maul - North
5914,Dire Maul - East
5915,Dire Maul - West
5916,Stratholme - Main Gate
5917,Stratholme - Service Entrance
5920,Eye of Eternity
5922,Above the Frozen Sea
5923,The Dragon Wastes
5924,Azure Dragonshrine
5925,Emerald Dragonshrine
5926,Path of the Titans
5928,Wyrmrest Summit
5960,Deathwing
5979,The Great Sea
5988,The Crystal Vice
5989,The Dragon Wastes
5990,Galakrond's Rest
5991,Path of the Titans
5993,Courtyard of Lights
5994,Shores of the Well
5995,Azshara's Palace
